{"cameraMode":{"drawMode":0,"name":"Shaded","section":"Shading Mode"},"sceneLighting":false,"audioPlay":false,"sceneViewState":{"showFog":true,"showMaterialUpdate":false,"showSkybox":true,"showFlares":true,"showImageEffects":true,"showParticleSystems":true},"in2DMode":false,"pivot":{"x":-8.626712799072266,"y":0.2765122652053833,"z":-3.209956407546997},"rotation":{"x":-0.13039103150367738,"y":-0.6979915499687195,"z":0.13157127797603608,"w":-0.6917333006858826},"size":3.420037269592285,"orthographic":false}