{"cameraMode":{"drawMode":0,"name":"Shaded","section":"Shading Mode"},"sceneLighting":false,"audioPlay":false,"sceneViewState":{"showFog":true,"showMaterialUpdate":false,"showSkybox":true,"showFlares":true,"showImageEffects":true,"showParticleSystems":true},"in2DMode":false,"pivot":{"x":-12.907529830932618,"y":2.675818920135498,"z":-27.627695083618165},"rotation":{"x":0.19692282378673554,"y":-0.03351294621825218,"z":0.006733624264597893,"w":0.9798229336738586},"size":1.2756426334381104,"orthographic":false}