{"cameraMode":{"drawMode":0,"name":"Shaded","section":"Shading Mode"},"sceneLighting":false,"audioPlay":false,"sceneViewState":{"showFog":true,"showMaterialUpdate":false,"showSkybox":true,"showFlares":true,"showImageEffects":true,"showParticleSystems":true},"in2DMode":false,"pivot":{"x":-1.7300000190734864,"y":1.0,"z":4.46999979019165},"rotation":{"x":-0.3678988814353943,"y":-0.017575299367308618,"z":0.006955333985388279,"w":-0.9296737313270569},"size":6.006091117858887,"orthographic":false}