{"cameraMode":{"drawMode":0,"name":"Shaded","section":"Shading Mode"},"sceneLighting":false,"audioPlay":false,"sceneViewState":{"showFog":true,"showMaterialUpdate":false,"showSkybox":true,"showFlares":true,"showImageEffects":true,"showParticleSystems":true},"in2DMode":false,"pivot":{"x":0.23000001907348634,"y":1.0495147705078126,"z":4.0},"rotation":{"x":0.2437772899866104,"y":-0.022972604259848596,"z":0.005774277728050947,"w":0.9695419669151306},"size":2.998197555541992,"orthographic":false}