{"cameraMode":{"drawMode":0,"name":"Shaded","section":"Shading Mode"},"sceneLighting":false,"audioPlay":false,"sceneViewState":{"showFog":true,"showMaterialUpdate":false,"showSkybox":true,"showFlares":true,"showImageEffects":true,"showParticleSystems":true},"in2DMode":false,"pivot":{"x":-4.099999904632568,"y":0.4999997615814209,"z":4.337676048278809},"rotation":{"x":-0.37212732434272768,"y":-0.007799188140779734,"z":0.0031270436011254789,"w":-0.9281436800956726},"size":3.420037269592285,"orthographic":false}